CWE,Vulnerability Type,File,Line,Number of Sources
CWE-89,SQL Injection,src/main/java/org/sasanlabs/service/vulnerability/authentication/AuthLoginService.java,51,1
CWE-256,Plaintext Password Storage,src/main/java/org/sasanlabs/service/vulnerability/authentication/AuthLoginService.java,66,1
CWE-256,Plaintext Password Storage,src/main/java/org/sasanlabs/service/vulnerability/authentication/AuthLoginService.java,106,1
CWE-916,Weak Password Hashing,src/main/java/org/sasanlabs/service/vulnerability/authentication/AuthLoginService.java,109,1
CWE-916,Weak Password Hashing,src/main/java/org/sasanlabs/service/vulnerability/authentication/AuthLoginService.java,112,1
CWE-916,Weak Password Hashing,src/main/java/org/sasanlabs/service/vulnerability/authentication/AuthLoginService.java,122,1
CWE-204,Username Enumeration,src/main/java/org/sasanlabs/service/vulnerability/authentication/AuthLoginService.java,91,1
CWE-916,Weak Password Hashing,src/main/java/org/sasanlabs/service/vulnerability/authentication/AuthenticationVulnerability.java,332,1
CWE-916,Weak Password Hashing,src/main/java/org/sasanlabs/service/vulnerability/authentication/AuthLoginService.java,129,1
CWE-349,Web Cache Poisoning,src/main/java/org/sasanlabs/service/vulnerability/cachePoisoning/CachePoisoningVulnerability.java,397,4
CWE-79,Reflected XSS,src/main/java/org/sasanlabs/service/vulnerability/cachePoisoning/CachePoisoningVulnerability.java,263,1
CWE-79,Reflected XSS,src/main/java/org/sasanlabs/service/vulnerability/cachePoisoning/CachePoisoningVulnerability.java,275,1
CWE-79,Reflected XSS,src/main/java/org/sasanlabs/service/vulnerability/cachePoisoning/CachePoisoningVulnerability.java,288,1
CWE-1021,Clickjacking,src/main/java/org/sasanlabs/service/vulnerability/clickjacking/ClickjackingVulnerability.java,65,1
CWE-1021,Clickjacking,src/main/java/org/sasanlabs/service/vulnerability/clickjacking/ClickjackingVulnerability.java,92,1
CWE-1021,Clickjacking,src/main/java/org/sasanlabs/service/vulnerability/clickjacking/ClickjackingVulnerability.java,122,1
CWE-1021,Clickjacking,src/main/java/org/sasanlabs/service/vulnerability/clickjacking/ClickjackingVulnerability.java,184,1
CWE-1021,Clickjacking,src/main/java/org/sasanlabs/service/vulnerability/clickjacking/ClickjackingVulnerability.java,212,1
CWE-77,Command Injection,src/main/java/org/sasanlabs/service/vulnerability/commandInjection/CommandInjection.java,48,5
CWE-77,Command Injection,src/main/java/org/sasanlabs/service/vulnerability/commandInjection/CommandInjection.java,53,5
CWE-326,Cryptographic Failures,src/main/java/org/sasanlabs/service/vulnerability/cryptographicFailures/CryptographicFailuresVulnerability.java,82,1
CWE-326,Cryptographic Failures,src/main/java/org/sasanlabs/service/vulnerability/cryptographicFailures/CryptographicFailuresVulnerability.java,135,1
CWE-330,Cryptographic Failures,src/main/java/org/sasanlabs/service/vulnerability/cryptographicFailures/CryptographicFailuresVulnerability.java,191,1
CWE-330,Cryptographic Failures,src/main/java/org/sasanlabs/service/vulnerability/cryptographicFailures/CryptographicFailuresVulnerability.java,247,1
CWE-327,Cryptographic Failures,src/main/java/org/sasanlabs/service/vulnerability/cryptographicFailures/CryptographicFailuresVulnerability.java,303,1
CWE-327,Cryptographic Failures,src/main/java/org/sasanlabs/service/vulnerability/cryptographicFailures/CryptographicFailuresVulnerability.java,359,1
CWE-327,Cryptographic Failures,src/main/java/org/sasanlabs/service/vulnerability/cryptographicFailures/CryptographicFailuresVulnerability.java,415,1
CWE-327,Cryptographic Failures,src/main/java/org/sasanlabs/service/vulnerability/cryptographicFailures/CryptographicFailuresVulnerability.java,470,1
CWE-327,Cryptographic Failures,src/main/java/org/sasanlabs/service/vulnerability/cryptographicFailures/CryptographicFailuresVulnerability.java,527,1
CWE-330,Cryptographic Failures,src/main/java/org/sasanlabs/service/vulnerability/cryptographicFailures/CryptographicFailuresVulnerability.java,590,1
CWE-22,Path Traversal,src/main/java/org/sasanlabs/service/vulnerability/fileupload/UnrestrictedFileUpload.java,129,3
CWE-79,Persistent XSS,src/main/java/org/sasanlabs/service/vulnerability/fileupload/UnrestrictedFileUpload.java,128,7
CWE-79,Reflected XSS,src/main/java/org/sasanlabs/service/vulnerability/fileupload/UnrestrictedFileUpload.java,146,7
CWE-434,Unrestricted File Upload,src/main/java/org/sasanlabs/service/vulnerability/fileupload/UnrestrictedFileUpload.java,128,7
CWE-730,Denial Of Service,src/main/java/org/sasanlabs/service/vulnerability/fileupload/UnrestrictedFileUpload.java,128,1
CWE-400,Uncontrolled Resource Consumption,src/main/java/org/sasanlabs/service/vulnerability/fileupload/UnrestrictedFileUpload.java,128,1
CWE-639,IDOR,src/main/java/org/sasanlabs/service/vulnerability/idor/IDORVulnerability.java,82,1
CWE-639,IDOR,src/main/java/org/sasanlabs/service/vulnerability/idor/IDORVulnerability.java,120,1
CWE-639,IDOR,src/main/java/org/sasanlabs/service/vulnerability/idor/IDORVulnerability.java,158,1
CWE-639,IDOR,src/main/java/org/sasanlabs/service/vulnerability/idor/IDORVulnerability.java,207,1
CWE-522,Client Side Vulnerable Jwt,src/main/java/org/sasanlabs/service/vulnerability/jwt/JWTVulnerability.java,137,1
CWE-522,Client Side Vulnerable Jwt,src/main/java/org/sasanlabs/service/vulnerability/jwt/JWTVulnerability.java,210,1
CWE-522,Client Side Vulnerable Jwt,src/main/java/org/sasanlabs/service/vulnerability/jwt/JWTVulnerability.java,271,1
CWE-522,Client Side Vulnerable Jwt,src/main/java/org/sasanlabs/service/vulnerability/jwt/JWTVulnerability.java,346,1
CWE-1188,Insecure Configuration Jwt,src/main/java/org/sasanlabs/service/vulnerability/jwt/JWTVulnerability.java,314,1
CWE-522,Client Side Vulnerable Jwt,src/main/java/org/sasanlabs/service/vulnerability/jwt/JWTVulnerability.java,421,1
CWE-347,Server Side Vulnerable Jwt,src/main/java/org/sasanlabs/service/vulnerability/jwt/impl/JWTValidator.java,78,1
CWE-522,Client Side Vulnerable Jwt,src/main/java/org/sasanlabs/service/vulnerability/jwt/JWTVulnerability.java,497,1
CWE-347,Server Side Vulnerable Jwt,src/main/java/org/sasanlabs/service/vulnerability/jwt/impl/JWTValidator.java,106,1
CWE-522,Client Side Vulnerable Jwt,src/main/java/org/sasanlabs/service/vulnerability/jwt/JWTVulnerability.java,556,1
CWE-522,Client Side Vulnerable Jwt,src/main/java/org/sasanlabs/service/vulnerability/jwt/JWTVulnerability.java,629,1
CWE-347,Server Side Vulnerable Jwt,src/main/java/org/sasanlabs/service/vulnerability/jwt/impl/JWTValidator.java,153,1
CWE-522,Client Side Vulnerable Jwt,src/main/java/org/sasanlabs/service/vulnerability/jwt/JWTVulnerability.java,700,1
CWE-347,Server Side Vulnerable Jwt,src/main/java/org/sasanlabs/service/vulnerability/jwt/impl/JWTValidator.java,183,1
CWE-522,Client Side Vulnerable Jwt,src/main/java/org/sasanlabs/service/vulnerability/jwt/JWTVulnerability.java,775,1
CWE-347,Server Side Vulnerable Jwt,src/main/java/org/sasanlabs/service/vulnerability/jwt/impl/JWTValidator.java,214,1
CWE-113,Header Injection,src/main/java/org/sasanlabs/service/vulnerability/jwt/impl/JWTValidator.java,183,1
CWE-1188,Insecure Configuration Jwt,src/main/java/org/sasanlabs/service/vulnerability/jwt/JWTVulnerability.java,944,1
CWE-347,Server Side Vulnerable Jwt,src/main/java/org/sasanlabs/service/vulnerability/jwt/JWTVulnerability.java,1023,1
CWE-1188,Insecure Configuration Jwt,src/main/java/org/sasanlabs/service/vulnerability/jwt/JWTVulnerability.java,1105,1
CWE-90,Ldap Injection,src/main/java/org/sasanlabs/service/vulnerability/ldapInjection/LDAPInjectionVulnerability.java,43,2
CWE-90,Ldap Injection,src/main/java/org/sasanlabs/service/vulnerability/ldapInjection/LDAPInjectionVulnerability.java,71,2
CWE-601,Open Redirect,src/main/java/org/sasanlabs/service/vulnerability/openRedirect/Http3xxStatusCodeBasedInjection.java,84,7
CWE-601,Open Redirect,src/main/java/org/sasanlabs/service/vulnerability/openRedirect/Http3xxStatusCodeBasedInjection.java,282,1
CWE-601,Open Redirect,src/main/java/org/sasanlabs/service/vulnerability/openRedirect/Http3xxStatusCodeBasedInjection.java,320,1
CWE-22,Path Traversal,src/main/java/org/sasanlabs/service/vulnerability/pathTraversal/PathTraversalVulnerability.java,66,12
CWE-640,Predictable Password Reset Token,src/main/java/org/sasanlabs/service/vulnerability/passwordReset/PasswordResetService.java,179,1
CWE-640,Password Reset Token Without Expiry,src/main/java/org/sasanlabs/service/vulnerability/passwordReset/PasswordResetService.java,240,1
CWE-640,Reusable Password Reset Token,src/main/java/org/sasanlabs/service/vulnerability/passwordReset/PasswordResetService.java,244,1
CWE-204,Username Enumeration,src/main/java/org/sasanlabs/service/vulnerability/passwordReset/PasswordResetService.java,236,1
CWE-319,Insecure Password Reset Link,src/main/java/org/sasanlabs/service/vulnerability/passwordReset/PasswordResetService.java,229,1
CWE-330,Weak Random Number Generation,src/main/java/org/sasanlabs/service/vulnerability/passwordReset/PasswordResetService.java,187,1
CWE-200,Password Reset Token Exposed Via Referrer,src/main/java/org/sasanlabs/service/vulnerability/passwordReset/PasswordResetService.java,222,1
CWE-640,Predictable Password Reset Token,src/main/java/org/sasanlabs/service/vulnerability/passwordReset/PasswordResetService.java,201,1
CWE-307,No Login Rate Limiting,src/main/java/org/sasanlabs/service/vulnerability/passwordReset/PasswordResetService.java,252,1
CWE-384,Session Fixation,src/main/java/org/sasanlabs/service/vulnerability/sessionManagement/SessionManagementService.java,87,1
CWE-330,Predictable Session Id,src/main/java/org/sasanlabs/service/vulnerability/sessionManagement/SessionManagementService.java,107,1
CWE-330,Obscured Predictable Session Id,src/main/java/org/sasanlabs/service/vulnerability/sessionManagement/SessionManagementService.java,130,1
CWE-613,Missing Logout Invalidation,src/main/java/org/sasanlabs/service/vulnerability/sessionManagement/SessionManagementService.java,276,1
CWE-307,No Login Rate Limiting,src/main/java/org/sasanlabs/service/vulnerability/sessionManagement/SessionManagementService.java,177,1
CWE-89,SQL Injection,src/main/java/org/sasanlabs/service/vulnerability/sqlInjection/BlindSQLInjectionVulnerability.java,93,1
CWE-89,SQL Injection,src/main/java/org/sasanlabs/service/vulnerability/sqlInjection/BlindSQLInjectionVulnerability.java,135,1
CWE-89,SQL Injection,src/main/java/org/sasanlabs/service/vulnerability/sqlInjection/ErrorBasedSQLInjectionVulnerability.java,83,1
CWE-89,SQL Injection,src/main/java/org/sasanlabs/service/vulnerability/sqlInjection/ErrorBasedSQLInjectionVulnerability.java,143,1
CWE-89,SQL Injection,src/main/java/org/sasanlabs/service/vulnerability/sqlInjection/ErrorBasedSQLInjectionVulnerability.java,206,1
CWE-89,SQL Injection,src/main/java/org/sasanlabs/service/vulnerability/sqlInjection/ErrorBasedSQLInjectionVulnerability.java,272,1
CWE-89,SQL Injection,src/main/java/org/sasanlabs/service/vulnerability/sqlInjection/UnionBasedSQLInjectionVulnerability.java,85,1
CWE-89,SQL Injection,src/main/java/org/sasanlabs/service/vulnerability/sqlInjection/UnionBasedSQLInjectionVulnerability.java,115,1
CWE-918,SSRF,src/main/java/org/sasanlabs/service/vulnerability/ssrf/SSRFVulnerability.java,85,4
CWE-79,Persistent XSS,src/main/java/org/sasanlabs/service/vulnerability/xss/persistent/PersistentXSSInHTMLTagVulnerability.java,114,1
CWE-79,Persistent XSS,src/main/java/org/sasanlabs/service/vulnerability/xss/persistent/PersistentXSSInHTMLTagVulnerability.java,138,1
CWE-79,Persistent XSS,src/main/java/org/sasanlabs/service/vulnerability/xss/persistent/PersistentXSSInHTMLTagVulnerability.java,166,1
CWE-79,Persistent XSS,src/main/java/org/sasanlabs/service/vulnerability/xss/persistent/PersistentXSSInHTMLTagVulnerability.java,205,1
CWE-79,Persistent XSS,src/main/java/org/sasanlabs/service/vulnerability/xss/persistent/PersistentXSSInHTMLTagVulnerability.java,238,1
CWE-79,Persistent XSS,src/main/java/org/sasanlabs/service/vulnerability/xss/persistent/PersistentXSSInHTMLTagVulnerability.java,273,1
CWE-79,Reflected XSS,src/main/java/org/sasanlabs/service/vulnerability/xss/reflected/XSSInImgTagAttribute.java,68,1
CWE-79,Reflected XSS,src/main/java/org/sasanlabs/service/vulnerability/xss/reflected/XSSInImgTagAttribute.java,94,1
CWE-79,Reflected XSS,src/main/java/org/sasanlabs/service/vulnerability/xss/reflected/XSSInImgTagAttribute.java,123,1
CWE-79,Reflected XSS,src/main/java/org/sasanlabs/service/vulnerability/xss/reflected/XSSInImgTagAttribute.java,157,1
CWE-79,Reflected XSS,src/main/java/org/sasanlabs/service/vulnerability/xss/reflected/XSSInImgTagAttribute.java,199,1
CWE-79,Reflected XSS,src/main/java/org/sasanlabs/service/vulnerability/xss/reflected/XSSWithHtmlTagInjection.java,54,1
CWE-79,Reflected XSS,src/main/java/org/sasanlabs/service/vulnerability/xss/reflected/XSSWithHtmlTagInjection.java,86,1
CWE-79,Reflected XSS,src/main/java/org/sasanlabs/service/vulnerability/xss/reflected/XSSWithHtmlTagInjection.java,120,1
CWE-611,Xxe,src/main/java/org/sasanlabs/service/vulnerability/xxe/XXEVulnerability.java,113,1
CWE-611,Xxe,src/main/java/org/sasanlabs/service/vulnerability/xxe/XXEVulnerability.java,151,2
